sentences,sentiment_label,time_label,certain_label
the oil price shock increases both downside risks to the inflation profile and financial stability risks.,dovish,not forward looking,certain
we will continue to provide the appropriate degree of monetary policy stimulus to support the recovery and achieve the inflation objective.,hawkish,forward looking,certain
the bank of canada today increased its target for the overnight rate to 1 Â¾ per cent,hawkish,not forward looking,certain
"overall, the bank forecasts gdp growth of 1.2% in 2024, 2.1% in 2025, and 2.4% in 2026.",hawkish,forward looking,uncertain
policy is responding to the slowdown: central banks in the us and europe have signalled their readiness to provide more accommodative monetary policy and further policy stimulus has been implemented in china.,dovish,not forward looking,certain
"the global economy continues to strengthen, with growth expected to average 3 1/2 per cent over the projection horizon.",dovish,forward looking,uncertain
"total cpi inflation is evolving broadly as expected, as the pickup in core inflation was largely offset by lower energy prices.",hawkish,forward looking,certain
"this reflects the strength of the global recovery from the pandemic, a series of global supply disruptions, and elevated commodity prices, particularly for energy, which have been pushed up by russiaâ€™s attack on ukrain",hawkish,not forward looking,certain
the bankâ€™s governing council stands ready to adjust the scale or duration of its programs if necessar,neutral,forward looking,certain
strong growth in the united states is expected to resume in the second quarter of 2015 after a weak first quarter.,dovish,forward looking,certain
"at the same time, exports should make an increasing contribution to gdp growth.",hawkish,forward looking,uncertain
"measures of core inflation have edged up, in line with a narrowing output gap and the diminishing effects of lower food prices.",hawkish,not forward looking,certain
the bankâ€™s preferred measures of core inflation are now below 2Â,dovish,not forward looking,certain
"this is in part because many central banks have eased monetary policies in recent months to counter persistent slack and low inflation, as well as the effect of lower commodity prices in some cases.",dovish,not forward looking,certain
the bank of canada today maintained its target for the overnight rate at the effective lower bound of Â¼ percent,neutral,not forward looking,certain
"in this environment, the canadian dollar has depreciated since january, although by less than many other currencies.",dovish,not forward looking,uncertain
real gdp is projected to grow by 2.1 per cent this year and next before slowing to 1.9 per cent in 2020.,neutral,forward looking,uncertain
"job vacancies are elevated, hiring intentions are strong, and wage gains are picking up.",hawkish,not forward looking,certain
the bank will continue to assess labour market data for signs of remaining slack.,neutral,forward looking,certain
governing council is carefully assessing these opposing forces on inflation.,neutral,forward looking,certain
"annual gdp growth is projected to average 1.8 per cent in 2013 and 2.7 per cent in both 2014 and 2015, supported by very accommodative financial conditions.",hawkish,forward looking,uncertain
"sentiment, though, remains fragile.",neutral,not forward looking,certain
"over the next two years, inflation is projected to fluctuate around 2 per cent as these temporary effects ease and the downward pressure on inflation from economic slack and heightened retail competition gradually dissipates.",neutral,not forward looking,uncertain
"the economy is projected to operate slightly above its potential over the next three years, with real gdp growth of about 2 per cent in both 2018 and 2019, and 1.8 per cent in 2020.",hawkish,forward looking,uncertain
housing and consumption are forecast to slow in light of policy changes affecting housing markets and higher interest rates.,dovish,forward looking,uncertain
"housing activity has moderated, but is expected to remain elevated.",hawkish,forward looking,uncertain
the bank has revised up its estimate of potential output in light of greater resilience to the pandemic and accelerated digitalization.,dovish,not forward looking,certain
"despite this progress, canadians are still feeling the hardship of high inflation in their essential household expenses, with persistent price increases for food and shelter.",hawkish,forward looking,certain
the recovery remains highly dependent on the evolution of the pandemic and the pace of vaccinations.,neutral,not forward looking,uncertain
"in determining the appropriate pace of rate increases, governing council will continue to take into account how the economy is adjusting to higher interest rates, given the elevated level of household debt.",dovish,forward looking,certain
"overall, the bank judges the risks to the canadian inflation outlook are roughly balanced over the projection horizon.",neutral,not forward looking,uncertain
"overall, the bank expects the canadian economy to grow by 1.2% this year, 0.9% in 2024 and 2.5% in 2025.",neutral,forward looking,uncertain
"while the fundamental elements of the bankâ€™s projection are similar to those presented in april, the forecast has been revised down in light of a weaker outlook for business investment and a lower profile for exports, reflecting a downward adjustment to us investment spendin",dovish,forward looking,certain
"persistent supply constraints are feeding through to a broader range of goods prices and, combined with higher food and energy prices, are expected to keep cpi inflation close to 5% in the first half of 2022.",hawkish,forward looking,uncertain
housing activity is expected to decline from historically high levels.,hawkish,forward looking,uncertain
"nevertheless, the bank continues to project that global growth will gather momentum as these headwinds abate.",neutral,forward looking,uncertain
the economy is now transitioning to a more moderate recuperation phase.,neutral,not forward looking,certain
the bank projects real gdp growth to average 1.3 percent in 2019 and about 2 percent in 2020 and 2021.,neutral,forward looking,uncertain
"in view of the weakness of near-term growth and the protracted nature of the recovery, the canadian economy will continue to require extraordinary monetary policy support.",dovish,forward looking,certain
"the bankâ€™s assessment is that the impact of the oil price shock on growth will be more front-loaded than predicted in january, but not large",neutral,forward looking,certain
the bank is also mindful that global structural factors could be weighing on inflation in canada and other advanced economies.,hawkish,not forward looking,uncertain
"wage growth is showing some signs of moderating, but remains elevated.",hawkish,not forward looking,uncertain
"the bank of canada today increased its target for the overnight rate to 5%, with the bank rate at 5Â¼% and the deposit rate at 5%",hawkish,not forward looking,certain
"in canada, uncertain global and domestic economic conditions are delaying the pick-up in exports and business investment, leaving the level of economic activity lower than the bank had been expecting.",hawkish,not forward looking,uncertain
there are some recent signs that wage pressures are moderating.,neutral,not forward looking,certain
the bankâ€™s estimate of growth in canada in 2015 has been marked down considerably from its april projectio,dovish,forward looking,uncertain
"this helps ensure that households and businesses continue to have access to the credit they need to bridge this difficult time, and that lower interest rates find their way to ultimate borrowers.",dovish,not forward looking,certain
"outside the energy sector, we are beginning to see the anticipated sequence of increased foreign demand, stronger exports, improved business confidence and investment, and employment growth.",hawkish,not forward looking,certain
"to reinforce this commitment and keep interest rates low across the yield curve, the bank will continue its qe program until the recovery is well underway.",dovish,forward looking,certain
"in considering the appropriate path for monetary policy, the bank will be monitoring the extent to which the global slowdown spreads beyond manufacturing and investment.",dovish,forward looking,uncertain
"for the inflation target to be achieved on a sustained basis in 2016, the economy must reach and remain at full capacity.",neutral,forward looking,certain
the lower outlook for canadian growth has increased the downside risks to inflation.,hawkish,not forward looking,certain
"after incorporating these weaker elements, canadaâ€™s economy is still expected to grow at a rate above potential starting in the second half of 2016, supported by accommodative monetary and financial conditions and federal fiscal measure",dovish,forward looking,uncertain
the provincial and corporate bond purchase programs will continue as announced.,neutral,forward looking,certain
wages have picked up but are rising by less than would be typical in the absence of labour market slack.,hawkish,not forward looking,certain
real gdp growth is projected to pick up from 1.8 per cent in 2013 to 2.5 per cent in both 2014 and 2015.,hawkish,forward looking,uncertain
"at the same time, financial vulnerabilities are elevated and rising, particularly in the greater vancouver and toronto areas.",hawkish,not forward looking,certain
growth in the euro area has slowed further.,neutral,not forward looking,certain
"in assessing incoming data, the bank will be paying particular attention to developments in consumer spending, the housing market, and business investment.",neutral,forward looking,certain
"after a weak first half, the us economy in particular is strengthening: solid consumption is being underpinned by strong employment growth and robust consumer confidence.",hawkish,not forward looking,certain
"this implies a return to full capacity around mid-2018, in line with octoberâ€™s projectio",neutral,forward looking,uncertain
"as the economy moves from reopening to recuperation, it will continue to require extraordinary monetary policy support.",dovish,forward looking,certain
"the economy will also be supported by continued growth in consumer spending, while further modest declines in residential investment are expected.",neutral,forward looking,uncertain
"in contrast, economic activity in the euro area remains weak.",neutral,not forward looking,certain
"demand is expected to be supported by strong consumption and business investment, and a rebound in exports as the us economy continues to recover.",hawkish,forward looking,uncertain
"core inflation is projected to edge gradually up to 2 per cent by the end of 2012, as excess supply in the economy is slowly absorbed.",hawkish,forward looking,uncertain
"however, trade conflict, particularly between the united states and china, is weighing on global growth and commodity prices.",dovish,not forward looking,uncertain
"in its january monetary policy report (mpr), the bank projects global growth to average just over 5 percent per year in 2021 and 2022, before slowing to just under 4 percent in 2023.",dovish,forward looking,uncertain
"as all of these factors dissipate, the bank expects inflation will rise to about 2 per cent by early 2017.",hawkish,forward looking,uncertain
the bank rate is correspondingly 3/4 per cent and the deposit rate is 1/4 per cent.,neutral,not forward looking,certain
"the bank of canada today held its target for the overnight rate at 5%, with the bank rate at 5Â¼% and the deposit rate at 5%",neutral,not forward looking,certain
"in canada, there is growing evidence that past interest rate increases are dampening economic activity and relieving price pressures.",neutral,forward looking,certain
"the bank is ending quantitative easing (qe) and moving into the reinvestment phase, during which it will purchase government of canada bonds solely to replace maturing bonds.",hawkish,forward looking,certain
"cpi inflation dropped to 2.2 per cent in september, in large part because the summer spike in airfares was reversed.",neutral,not forward looking,certain
"the us is close to full employment, unlike many other advanced economies, including canada, where material slack remains.",dovish,not forward looking,certain
"household spending continues to rise, along with employment and incomes outside of energy-intensive regions.",hawkish,not forward looking,certain
"the governing council judges that, with these combined adjustments, the qe program is providing at least as much monetary stimulus as before.",hawkish,not forward looking,certain
the complex economic adjustments to the decline in canadaâ€™s terms of trade will continue to play out over the projection horizo,neutral,forward looking,certain
the situation calls for special actions by the central bank.,irrelevant,forward looking,certain
"growth in the euro area is effectively stalled: while the service sector continues to grow, manufacturing is contracting.",neutral,not forward looking,certain
"with clearer signs that monetary policy is moderating spending and relieving price pressures, governing council decided to hold the policy rate at 5% and to continue to normalize the bankâ€™s balance shee",neutral,not forward looking,certain
"growth in real gdp is projected to be sufficient to absorb the current material excess capacity in the economy, closing the output gap around mid-2015, as projected in the april mpr.",hawkish,forward looking,uncertain
the bank projects gdp growth will slow from 3Â¼% this year to just under 1% next year and 2% in 2024,dovish,forward looking,uncertain
"the bank is also continuing its quantitative easing (qe) program, with large-scale asset purchases of at least $5 billion per week of government of canada bonds.",dovish,not forward looking,certain
"the bank is also announcing today the development of a new provincial bond purchase program of up to $50 billion, to supplement its provincial money market purchase program.",dovish,not forward looking,certain
the bank rate is correspondingly Â½ percent and the deposit rate is Â¼ percen,neutral,not forward looking,certain
"despite continued low oil prices, the canadian dollar has appreciated since july, largely reflecting a broad-based depreciation of the us dollar.",hawkish,not forward looking,certain
"however, uncertainty surrounding the future of the north american free trade agreement (nafta) is clouding the economic outlook.",neutral,not forward looking,uncertain
measures of core inflation should remain close to 2 per cent.,neutral,forward looking,uncertain
recent data have bolstered the bankâ€™s confidence in its outlook for above-potential growth and the absorption of excess capacity in the econom,hawkish,forward looking,certain
"in canada, recent economic growth has been stronger than expected and the economy remains in excess demand.",hawkish,not forward looking,certain
real gdp growth is projected to average around 2 1/4 per cent during 2014â€“201,neutral,forward looking,certain
"beyond the near term, the outlook for canada is now stronger and more secure than in the october projection, thanks to earlier-than-expected availability of vaccines and significant ongoing policy stimulus.",dovish,forward looking,uncertain
"this is contributing to labour shortages in certain sectors, even as slack remains in the overall labour market.",dovish,not forward looking,certain
"the bank of canada today reduced its target for the overnight rate to 3Â¾%, with the bank rate at 4% and the deposit rate at 3Â¾",dovish,not forward looking,certain
the bank is continuing its policy of balance sheet normalization.,neutral,not forward looking,certain
above-potential growth is becoming more widespread in the euro area.,hawkish,not forward looking,certain
"inflation is also elevated in services that are closely affected by wages, such as restaurants and personal care.",hawkish,not forward looking,certain
the u.s. federal reserve has begun to gradually withdraw its exceptional monetary stimulus.,hawkish,not forward looking,certain
"global trade growth plunged after 2011, but is poised to recover as global demand strengthens.",neutral,forward looking,uncertain
"vaccines are proving highly effective against the virus, although their availability and distribution globally remain uneven and covid variants pose risks to health and economic activity.",irrelevant,not forward looking,certain
"many more workers reported shorter hours, and by early april some six million canadians had applied for the canada emergency response benefit.",neutral,not forward looking,certain
"both total and core inflation are expected to moderate in 2012 before reaching 2 per cent by the third quarter of 2013, as excess supply is slowly absorbed, labour compensation grows modestly and inflation expectations remain well-anchored.",neutral,forward looking,uncertain
"in non-resource sectors, the looked-for signs of strength are more evident, supported by the stimulative effects of previous monetary policy actions and past depreciation of the canadian dollar.",hawkish,not forward looking,certain
"however, in addition to elevated mortgage interest costs, inflation in rent and other housing costs remains high.",hawkish,not forward looking,certain
short-term inflation expectations remain elevated.,hawkish,forward looking,uncertain
export growth is being increasingly limited by capacity constraints in some sectors.,dovish,not forward looking,certain
"in our projection, this does not happen until into 2023.",irrelevant,forward looking,uncertain
the global economy is expected to regain momentum in the second half of this year and through 2017 and 2018.,hawkish,forward looking,uncertain
"the rapid back-up in global bond yields, partly reflecting market anticipation of us fiscal expansion, has pulled up canadian yields relative to the october monetary policy report (mpr).",hawkish,not forward looking,certain
"however, the timing and pace of further reductions in the policy rate will be guided by incoming information and our assessment of its implications for the inflation outlook.",neutral,forward looking,certain
this reflects stronger exports and a recovery in household spending and business investment as borrowing costs ease.,dovish,not forward looking,certain
"these actions have served to ease market dysfunction and help keep credit channels open, although they remain strained.",dovish,not forward looking,certain
"the canadian economy was in a solid position ahead of the covid-19 outbreak, but has since been hit by widespread shutdowns and lower oil prices.",dovish,not forward looking,certain
the bank continues to expect that the economy will return to full capacity by the end of 2012.,neutral,forward looking,uncertain
"the bank projects real gdp will grow by 1.7 per cent in 2019, 0.4 percentage points slower than the october outlook.",dovish,forward looking,uncertain
"real gdp grew by 2.4 per cent in the first quarter but is estimated to have contracted by 1 per cent in the second quarter, pulled down by volatile trade flows, uneven consumer spending, and the alberta wildfires.",dovish,forward looking,uncertain
"for canada, the bank now forecasts real gdp will grow by 1.6 percent this year and 2 percent in 2021, following 1.6 percent growth in 2019.",hawkish,forward looking,uncertain
"with overall economic slack now absorbed, the bank has removed its exceptional forward guidance on its policy interest rate.",hawkish,not forward looking,certain
"us gdp growth is expected to slow in the second half of this year, but remain stronger than forecast in january.",neutral,forward looking,uncertain
monetary policy decisions will be guided by incoming information and our assessment of their implications for the inflation outlook.,neutral,forward looking,certain
consumer spending will also get a boost from the canada child benefit.,dovish,forward looking,certain
the timing and pace of the recovery varies among regions and could be hampered by a resurgence of infections and the limited capacity of some countries to contain the virus or support their economies.,dovish,forward looking,uncertain
the combined effect of all of these global and domestic developments would have been a modest downgrade of the bankâ€™s outloo,neutral,not forward looking,uncertain
growth in the united states is now expected to be stronger than previously forecast while the outlook for china remains subdued.,neutral,forward looking,uncertain
"overall, the balance of risks falls within the zone for which the current stance of monetary policy is appropriate and therefore the target for the overnight rate remains at 1 per cent.",neutral,not forward looking,certain
the bank is also continuing its policy of quantitative tightening.,hawkish,not forward looking,certain
the bank rate is correspondingly 1 Â½ per cent and the deposit rate is 1 per cent,neutral,not forward looking,certain
"businesses continue to report widespread labour shortages and, with the full reopening of the economy, strong demand has led to a sharp rise in the price of services.",hawkish,not forward looking,certain
the bank also announced new measures to provide additional support to canadaâ€™s financial syste,dovish,not forward looking,certain
"however, with underlying inflation persisting, central banks continue to be vigilant.",hawkish,not forward looking,certain
global benchmark prices for oil have been about 25 per cent lower than assumed in the october monetary policy report (mpr).,dovish,not forward looking,certain
"meanwhile, household imbalances continue to evolve constructively and recent data are broadly consistent with a soft landing in canadaâ€™s housing marke",neutral,not forward looking,certain
"the bank expects trend growth in household credit to moderate further, with the debt-to-income ratio stabilizing near current levels.",neutral,forward looking,uncertain
significant policy stimulus has been introduced in japan.,neutral,not forward looking,certain
"as economies slow and supply disruptions ease, global inflation is expected to come down.",dovish,forward looking,uncertain
"assuming restrictions are lifted later in the first quarter, the bank expects a strong second-quarter rebound.",dovish,forward looking,uncertain
"governing council wants to see downward momentum in core inflation, and continues to be focused on the balance between demand and supply in the economy, inflation expectations, wage growth and corporate pricing behaviour.",hawkish,forward looking,certain
"this will support consumption, which will also receive a fiscal boost.",dovish,forward looking,certain
"while its economic impact will depend on how quickly this wave passes, it is expected to be less severe than previous waves.",neutral,forward looking,uncertain
the global economy is slowing and growth is forecast to moderate further as past increases in policy rates and the recent surge in global bond yields weigh on demand.,dovish,forward looking,uncertain
"economic growth has been stronger than expected, especially in the united states, where consumer and business spending has been surprisingly resilient.",hawkish,not forward looking,certain
"total cpi inflation has fallen noticeably below the 2 per cent target, as expected.",dovish,not forward looking,certain
"the economy continues to create net new employment, especially in services, despite job losses in resource-intensive regions.",hawkish,not forward looking,certain
the economic effects of the pandemic are highly uneven across sectors and are particularly affecting low-income workers.,dovish,not forward looking,certain
"still, global growth is expected to slow to around 3 percent this year before edging up over the next two years.",hawkish,forward looking,uncertain
the economy will move into modest excess supply early next year before growth picks up to 2.4% in 2025.,dovish,forward looking,certain
growth in total household credit has slowed and the bank continues to expect that the household debt-to-income ratio will stabilize near current levels.,hawkish,not forward looking,uncertain
"however, business investment remains weak.",dovish,not forward looking,certain
"the bank expects inflation to return to the 2 per cent target in about two years, as the effects of retail competition dissipate and excess capacity is absorbed.",dovish,forward looking,uncertain
there are several significant risks to the inflation outlook in canada.,hawkish,forward looking,certain
"with inflationary pressures no longer broad-based, business and consumer inflation expectations have largely normalized.",dovish,not forward looking,certain
"core measures of inflation have also risen, but by less than the cpi.",hawkish,not forward looking,certain
"the bank expects economic growth to pick up through 2013. business investment and exports are projected to rebound as foreign demand strengthens, uncertainty diminishes and the temporary factors that have weighed on resource sector activity are unwound.",hawkish,forward looking,uncertain
"net exports are expected to contribute little to growth, reflecting moderate foreign demand and ongoing competitiveness challenges, including the persistent strength of the canadian dollar.",hawkish,forward looking,uncertain
"given the recent drop in gasoline prices and with futures prices suggesting persistently lower oil prices, the bank expects total cpi inflation to remain noticeably below the 2 per cent target over the coming year before returning to target around mid-2013.",dovish,forward looking,uncertain
"as those effects wear off, cpi inflation may edge up again before settling around the 2% target next year.",hawkish,forward looking,uncertain
the bank is continuing its qe program to reinforce this commitment and keep interest rates low across the yield curve.,dovish,not forward looking,certain
"looking forward, consumption and residential investment are expected to contribute less to growth, given higher interest rates and new mortgage guidelines, while business investment and exports are expected to contribute more.",hawkish,forward looking,uncertain
"underneath the effects of the oil price shock, the natural sequence of stronger non-energy exports, increasing investment, and improving labour markets is progressing.",dovish,not forward looking,certain
financial conditions for households and businesses remain very stimulative.,hawkish,not forward looking,certain
"canadaâ€™s economy has been stronger than expected, with more momentum in deman",hawkish,forward looking,uncertain
"in light of the accumulation of evidence that excess demand and elevated core inflation are both proving more persistent, and taking into account its revised outlook for economic activity and inflation, governing council decided to increase the policy interest rate to 5%.",hawkish,not forward looking,certain
"still, it does appear that the positive forces at work in the economy are starting to outweigh those that are negative.",neutral,not forward looking,uncertain
"the three main upside risks to inflation in canada relate to the possibility of higher-than-projected commodity prices and global inflation, stronger momentum in canadian household spending, and the possibility that there is less excess capacity in the canadian economy.",hawkish,not forward looking,certain
"the bank continues to project that the expansion will be driven mainly by growth in consumption and business investment, reflecting in part very stimulative domestic financial conditions.",hawkish,forward looking,uncertain
"exports also faltered, partly owing to transportation bottlenecks.",dovish,not forward looking,certain
consumer spending is strengthening with the lifting of pandemic containment measures.,hawkish,not forward looking,certain
"however, as uncertainty about the future of nafta is weighing increasingly on the outlook, the bank has incorporated into its projection additional negative judgement on business investment and trade.",dovish,forward looking,uncertain
inflation in canada is evolving broadly as expected.,hawkish,forward looking,uncertain
there are signs of slack in the labour market.,dovish,not forward looking,uncertain
it continues to be restrained by the consolidation of household balance sheets and slow growth in employment.,dovish,not forward looking,certain
"the global economic expansion continues to moderate, with growth forecast to slow to 3.4 per cent in 2019 from 3.7 per cent in 2018.",dovish,forward looking,uncertain
"cpi inflation has been volatile in recent monthsâ€”2.8% in june, 4.0% in august, and 3.8% in septembe",neutral,not forward looking,certain
"in the united states and europe, economies are slowing but proving more resilient than was expected at the time of the bankâ€™s october monetary policy report (mpr",dovish,not forward looking,certain
"in addition, challenges in europe continue to be a significant source of uncertainty for the global outlook.",neutral,not forward looking,uncertain
consumption will be underpinned by strong growth in employment income.,hawkish,forward looking,certain
"recent data have been strong, inflation is close to target, and the economy is operating roughly at capacity.",neutral,not forward looking,certain
"the downward revision reflects further downgrades of business investment plans in the energy sector, as well as weaker-than-expected exports of non-energy commodities and non-commodities.",dovish,not forward looking,certain
"as in april, the projection incorporates an estimate of the impact of trade uncertainty on canadian investment and exports.",neutral,forward looking,uncertain
"meanwhile, oil prices are about $10 per barrel lower than was assumed in the october monetary policy report (mpr).",dovish,not forward looking,certain
governing council judges that the current outlook warrants todayâ€™s withdrawal of some of the monetary policy stimulus in the econom,hawkish,not forward looking,certain
housing activity is expected to slow from record levels.,neutral,forward looking,uncertain
the global economy is still expected to pick up in 2014 and 2015.,hawkish,forward looking,uncertain
"global economic growth continues to slow, with inflation easing gradually across most economies.",dovish,not forward looking,certain
these measures will work in combination to ease pressure on canadian borrowers.,dovish,forward looking,certain
"canadaâ€™s economic growth in the second quarter was stronger than expected, and was more broad-based across regions and sector",hawkish,not forward looking,certain
"the global economy is showing signs of stabilization, and some recent trade developments have been positive.",hawkish,not forward looking,certain
elevated housing market activity continues to put upward pressure on house prices.,hawkish,not forward looking,certain
"however, the outlook is clouded by persistent trade tensions.",hawkish,forward looking,uncertain
total cpi inflation has also been restrained by declining mortgage interest costs.,hawkish,not forward looking,certain
"in canada, the slowdown in the second half of 2012 was more pronounced than the bank had anticipated, owing to weaker business investment and exports.",dovish,not forward looking,certain
"robust business investment, labour productivity growth and higher immigration will add to the economyâ€™s productive capacity, while higher interest rates should moderate growth in domestic deman",hawkish,forward looking,uncertain
"with continued slack in the canadian economy, the muted outlook for inflation, and the constructive evolution of imbalances in the household sector, the considerable monetary policy stimulus currently in place will likely remain appropriate for a period of time, after which some modest withdrawal will likely be required, consistent with achieving the 2 per cent inflation target.",neutral,forward looking,uncertain
"the bankâ€™s core measures of inflation all remain around 2 per cent, consistent with an economy that is operating at capacit",neutral,not forward looking,certain
global financial conditions have tightened and volatility has increased.,hawkish,not forward looking,certain
growth in the euro area has been soft but should recover modestly next year.,neutral,forward looking,uncertain
"after picking up to very strong rates in the second half of 2012, growth in china has eased.",neutral,not forward looking,certain
"at the same time, economies continue to adjust to lower oil prices, which have fluctuated at or below levels assumed in the january mpr.",neutral,not forward looking,certain
additional monetary stimulus is required at this time to help return the economy to full capacity and inflation sustainably to target.,dovish,not forward looking,certain
global energy prices are also projected to decline.,dovish,forward looking,uncertain
"however, ongoing trade conflicts and competitiveness challenges are dampening the outlook for trade and investment.",dovish,not forward looking,certain
"in particular, growth in the united states remains solid but is expected to slow to a more sustainable pace through 2019.",hawkish,forward looking,uncertain
inflation in canada is on track to return to 2 per cent in 2017 as the complex adjustment underway in canadaâ€™s economy proceed,hawkish,forward looking,certain
"despite ongoing competitiveness challenges, exports are projected to gather momentum, which should boost confidence and lead to increasingly solid growth in business investment.",hawkish,forward looking,uncertain
global growth prospects have weakened since the bank released its april mpr.,dovish,not forward looking,certain
"while the economy appears to be operating with less slack than previously assumed, given the more modest growth profile, it is only anticipated to return to full capacity by the third quarter of 2013.",dovish,forward looking,uncertain
"the external headwinds facing canada have abated somewhat, with the u.s. recovery more resilient and financial conditions more supportive than previously anticipated.",hawkish,not forward looking,uncertain
"the u.s. economic expansion is proceeding at a moderate pace, with the continued strengthening in private demand being partly offset by the impact of fiscal consolidation.",neutral,not forward looking,certain
"while global headwinds are restraining canadian economic activity, domestic factors are expected to support moderate growth in canada.",neutral,forward looking,uncertain
"as the economy reaches its full capacity in the second half of 2016, both core and total cpi inflation are projected to be about 2 per cent on a sustained basis.",neutral,forward looking,uncertain
the bank is also continuing its policy of quantitative tightening (qt).,hawkish,not forward looking,uncertain
"the improving u.s. outlook is affecting global bond, equity, and currency markets.",hawkish,not forward looking,certain
"consumption is forecast to gain strength as parts of the economy reopen and confidence improves, and exports and business investment will be buoyed by rising foreign demand.",dovish,forward looking,certain
the bankâ€™s outlook takes into account a small benefit to canadaâ€™s economy from stronger us demand arising from recent tax chan,hawkish,not forward looking,certain
"this slowdown in global activity has led to a sizeable reduction in commodity prices, although they remain elevated.",dovish,not forward looking,certain
the combination of increasing global excess capacity over the projection horizon and reduced commodity prices is expected to moderate global inflationary pressures.,dovish,forward looking,uncertain
persistent headwinds from deleveraging and lingering uncertainty will influence the extent to which some oil-importing countries benefit from lower prices.,dovish,forward looking,certain
global financial markets and commodity prices have reacted positively to improving economic prospects.,hawkish,not forward looking,certain
"decisive and necessary fiscal and monetary policy actions have supported incomes and kept credit flowing, cushioning the fall and laying the foundation for recovery.",dovish,not forward looking,certain
"however, wage and other data indicate that there is still slack in the labour market.",dovish,not forward looking,certain
"trade conflicts between the united states and china, in particular, are curbing manufacturing activity and business investment and pushing down commodity prices.",dovish,not forward looking,certain
"in canada, growth improved in the second half of 2013.",hawkish,not forward looking,certain
"with this combination of a higher profile for economic activity and a lower profile for potential, the output gap is projected to close in the first half of 2018, a bit sooner than the bank anticipated in january.",hawkish,forward looking,uncertain
"in canada, economic growth stalled in the second half of last year and the economy moved into excess supply.",hawkish,not forward looking,certain
"the bank now forecasts global gdp growth of 2Â½% in 2024 and 2Â¾% in 2025, following 2023â€™s 3% p",neutral,forward looking,uncertain
the disasters that struck japan in march will severely affect its economic activity in the first half of this year.,neutral,forward looking,certain
"during the rest of this year and into 2018 and 2019, growth in canada is expected to moderate but remain above potential.",hawkish,forward looking,uncertain
"canadaâ€™s economy has been robust, fuelled by household spendin",hawkish,not forward looking,certain
"global growth is expected to strengthen over the next two years, rising from 2.9 per cent in 2013 to 3.4 per cent in 2014 and 3.7 per cent in 2015.",hawkish,forward looking,uncertain
"in canada, the rebound in employment and gdp was stronger than expected as the economy reopened through the summer.",hawkish,not forward looking,certain
"as well, transportation constraints and rising production have combined to push up oil inventories in the west and exert even more downward pressure on canadian benchmark prices.",dovish,not forward looking,certain
"while price differentials have narrowed in recent weeks following announced mandatory production cuts in alberta, investment in canadaâ€™s oil sector is projected to weaken furthe",dovish,forward looking,uncertain
"meanwhile, the financial stability risks associated with household imbalances are edging higher.",hawkish,forward looking,certain
the bank expects cpi inflation to fall quickly to around 3% in the middle of this year and then decline more gradually to the 2% target by the end of 2024.,dovish,forward looking,uncertain
the covid-19 pandemic continues to take a severe human and economic toll in canada and around the world.,dovish,not forward looking,certain
"inflation in canada has been lower than anticipated since october, mainly because of declines in food prices.",dovish,not forward looking,certain
"the us economy is growing robustly while growth in some other regions appears more moderate, especially in china due to current weakness in its property sector.",neutral,not forward looking,certain
"on the upside, commodity prices and global inflation could rise faster than anticipated and there could be stronger-than-expected momentum in household expenditures.",hawkish,forward looking,uncertain
"the bank now forecasts global growth of about 3Â½% this year, 2Â½% in 2023 and 3Â¼% in 20",neutral,forward looking,uncertain
"the three main downside risks to inflation in canada relate to sovereign debt concerns in europe, headwinds from the persistent strength of the canadian dollar, and the possibility that growth in canadian household spending could be weaker than projected.",dovish,forward looking,uncertain
"at the same time, risks associated with elevated household imbalances have not materially changed.",neutral,not forward looking,certain
a broad-based decline in the us exchange rate combined with stronger commodity prices have led to a further appreciation of the canadian dollar.,hawkish,not forward looking,certain
"however, both exports and investment are being held back by ongoing competitiveness challenges and uncertainty about trade policies.",dovish,forward looking,uncertain
business investment in the energy-producing sector will decline.,dovish,forward looking,certain
cpi and measures of core inflation are all close to 2 per cent.,neutral,not forward looking,certain
"global gdp growth is projected to be 2.9 per cent in 2016, 3.3 per cent in 2017, and 3.5 per cent in 2018.",neutral,forward looking,uncertain
"chinaâ€™s economy is showing renewed momentum, while growth in a number of other emerging market economies has slowed as their financial conditions have tightene",neutral,not forward looking,certain
"at the same time, its composition is expected to broaden as the pace of household spending, especially residential investment, slows while the contributions from exports and business investment increase.",neutral,forward looking,uncertain
"the bank of canada today maintained its target for the overnight rate at the effective lower bound of Â¼ percent, with the bank rate at Â½ percent and the deposit rate at Â¼ perce",neutral,not forward looking,certain
the bank estimates that gdp grew by about 4% in the second quarter.,hawkish,not forward looking,uncertain
"in the labour market, there are signs of more availability of workers, but conditions remain tight, and wage growth has been around 4-5%.",hawkish,not forward looking,certain
"over the next few months, inflation is expected to rise temporarily to around the top of the 1-3 percent inflation-control range.",hawkish,forward looking,uncertain
"household spending, including both consumer purchases and housing, has been weak.",dovish,not forward looking,certain
"the global economy is expected to expand modestly in 2013, although its near-term dynamic has changed and the composition of growth is now slightly less favourable for canada.",dovish,forward looking,uncertain
"this return to growth reflects the relaxation of necessary containment measures put in place to slow the spread of the coronavirus, combined with extraordinary fiscal and monetary policy support.",hawkish,not forward looking,certain
"in canada, recent data indicate that economic growth has been faster than was expected in the january mpr.",hawkish,not forward looking,certain
"inflation in canada has remained low in recent months, reflecting the significant slack in the economy, heightened competition in the retail sector, and other sector-specific factors.",dovish,not forward looking,certain
"in addition, the increase in oil prices since december has driven gasoline prices above their pre-pandemic levels.",hawkish,not forward looking,certain
this has led to a modest downward revision to the bankâ€™s growth forecast for 2016 and 201,neutral,not forward looking,certain
growth is expected to slow to about 2% in the third quarter as consumption growth moderates and housing market activity pulls back following unsustainable strength during the pandemic.,dovish,forward looking,uncertain
"while there was more momentum than anticipated in the second half of 2011, the pace of growth going forward is expected to be more modest than previously envisaged, largely due to the external environment.",dovish,forward looking,uncertain
"overall, the bank projects real gdp growth of 1.2 per cent in 2019 and around 2 per cent in 2020 and 2021.",neutral,forward looking,uncertain
"indeed, private demand could turn out to be stronger than anticipated.",hawkish,forward looking,uncertain
"in this context, governing council will remain cautious with respect to future policy adjustments, guided by incoming data.",neutral,forward looking,certain
"with broad price pressures continuing to ease and inflation expected to move closer to 2%, governing council decided to reduce the policy interest rate by a further 25 basis points.",dovish,forward looking,certain
"some progress has been made on the key issues being watched closely by governing council, particularly the dynamics of inflation and wage growth.",neutral,not forward looking,certain
the pandemic-driven contraction has prompted decisive policy action to support individuals and businesses and to lay the foundation for economic recovery once containment measures start to ease.,dovish,forward looking,certain
household spending is now projected to grow at a steady pace through 2013.,hawkish,forward looking,uncertain
"however, their pace will be influenced by external headwinds, notably the effects of lower commodity prices on canadian incomes and wealth, as well as by record-high household debt.",dovish,forward looking,certain
"as the economy continues to adjust to the oil price shock, investment in the energy sector appears to be bottoming out.",dovish,not forward looking,certain
measures of inflation are all around 2 percent.,neutral,not forward looking,certain
competitiveness challenges continue to weigh on canadian exportersâ€™ ability to benefit from stronger growth abroa,dovish,not forward looking,certain
"the earlier-than anticipated arrival of effective vaccines will save lives and livelihoods, and has reduced uncertainty from extreme levels.",neutral,forward looking,certain
"in canada, gdp growth in the first quarter was weaker than the bank had expected, but should rebound in the second quarter, resulting in 2 per cent average growth in the first half of 2018.",dovish,forward looking,uncertain
"this projection implies that the economy returns to full capacity around mid-2018, materially later than the bank had anticipated in july.",dovish,forward looking,uncertain
"canadaâ€™s economy had strong momentum through to late 2020, but the resurgence of cases and the reintroduction of lockdown measures are a serious setbac",dovish,not forward looking,certain
"consumption is robust, led by a rebound in spending on hard-to-distance services.",dovish,not forward looking,certain
"while risks to the world outlook remain and have been reflected in sharp price movements in a range of asset classes, global growth is expected to trend upwards beginning in 2016.",hawkish,forward looking,uncertain
"business investment is growing in response to solid demand growth and capacity pressures, although trade tensions are weighing on investment in some sectors.",neutral,not forward looking,certain
"total cpi inflation has moved up to around the 2 per cent target in recent months, sooner than expected.",hawkish,not forward looking,certain
decisions regarding further adjustments to the pace of net purchases will be guided by governing councilâ€™s ongoing assessment of the strength and durability of the recover,neutral,forward looking,uncertain
"however, bank analysis of alternative scenarios suggests the level of real activity was down 1-3 percent in the first quarter of 2020, and will be 15-30 percent lower in the second quarter than in fourth-quarter 2019.",dovish,forward looking,certain
strong population gains are adding to labour supply and supporting employment growth while also boosting aggregate consumption.,hawkish,not forward looking,certain
"the negative impact of lower oil prices will gradually be mitigated by a stronger u.s. economy, a weaker canadian dollar, and the bankâ€™s monetary policy respons",dovish,forward looking,certain
"as a result, in the central scenario, real gdp declines by 7.8 percent in 2020 and resumes with growth of 5.1 percent in 2021 and 3.7 percent in 2022.",dovish,forward looking,uncertain
"total cpi inflation is projected to be temporarily below the inflation-control range during 2015, moving back up to target the following year.",dovish,forward looking,uncertain
"in the central scenario, the global economy overall shrinks by about 5 percent in 2020 and then grows by around 5 percent on average in 2021 and 2022.",neutral,forward looking,uncertain
"the bank of canada today increased its target for the overnight rate to 3Â¾%, with the bank rate at 4% and the deposit rate at 3Â¾",hawkish,not forward looking,certain
global financial conditions remain accommodative.,neutral,not forward looking,certain
"in addition, we will pay close attention to global trade policy developments and their implications for the inflation outlook.",neutral,forward looking,uncertain
"the bankâ€™s projection assumes that authorities in europe are able to contain the ongoing crisis, and that the u.s. fiscal cliff will be avoide",dovish,forward looking,uncertain
"core inflation is slightly firmer than anticipated, owing to temporary factors and to more persistent strength in the prices of some services.",dovish,not forward looking,certain
"household spending is expected to continue growing at a healthy pace, underpinned by solid employment income growth.",hawkish,forward looking,uncertain
this largely reflects both strong population growth and a recovery in spending by households.,hawkish,not forward looking,certain
"as vaccines roll out and the economy reopens, consumption is expected to rebound strongly in the second half of this year and remain robust over the projection.",dovish,forward looking,uncertain
"against this backdrop, the bank has decided to maintain the target for the overnight rate at 1 per cent.",neutral,not forward looking,certain
"recent higher inflation is attributable to the temporary effects of higher energy prices, exchange rate pass-through and other sector-specific shocks, rather than to any change in domestic economic fundamentals.",hawkish,not forward looking,certain
"overall, the bank forecasts gdp growth of 1.2% in 2024, 2.1% in 2025, and 2.3% in 2026.",hawkish,forward looking,uncertain
"the protracted process of reorientation towards non-resource activity is underway, helped by stronger u.s. demand, the lower canadian dollar, and accommodative monetary and financial conditions.",dovish,forward looking,certain
"employment is showing continuing strength and wage growth is picking up, although with some variation among regions.",hawkish,forward looking,certain
the two main downside risks to inflation in canada relate to sovereign debt and banking concerns in europe and the possibility that growth in household spending could be weaker than projected.,dovish,forward looking,uncertain
"in the united states, real gdp growth is expected to be weak through the first half of 2012, reflecting diminished household confidence, tighter financial conditions and increased fiscal drag.",dovish,forward looking,uncertain
gdp growth is forecast to increase in the second half of 2024 and through 2025.,hawkish,forward looking,uncertain
"growth is expected to stall through the middle of 2023, picking up later in the year.",dovish,forward looking,uncertain
"while employment growth has remained firm, indicators still point to significant slack in the labour market.",dovish,forward looking,certain
"while vulnerabilities associated with household imbalances remain elevated and could edge higher, canadaâ€™s economy is undergoing a significant and complex adjustmen",hawkish,forward looking,uncertain
"nevertheless, indicators of demand should start to show renewed momentum in early 2019, leading to above-potential growth of 2.1 per cent in 2020.",hawkish,forward looking,uncertain
"governing council will continue to assess the impact of ongoing developments, mindful of the significant uncertainties weighing on the outlook.",neutral,not forward looking,certain
"however, because of elevated uncertainty, us business investment is on a lower track than expected.",dovish,not forward looking,certain
"in the united states, growth is solidifying, although consolidation of household and, ultimately, government balance sheets will limit the pace of the expansion.",dovish,forward looking,certain
"outside the energy-producing regions, consumer confidence remains high and labour markets continue to improve.",hawkish,not forward looking,certain
"robust demand from emerging-market economies is driving the underlying strength in commodity prices, which is being further reinforced by supply shocks arising from recent geopolitical events.",hawkish,not forward looking,certain
"meanwhile, export growth has been uneven in the face of ongoing competitiveness challenges.",neutral,not forward looking,certain
"inflation in canada is close to 2 per cent as temporary factors that have been weighing on inflation have largely dissipated, as expected.",hawkish,not forward looking,certain
"in contrast, the improvement in net exports is expected to be further restrained by ongoing competitiveness challenges, including headwinds from the persistent strength in the canadian dollar.",dovish,forward looking,uncertain
"the bank expects inflation will stay around the 2 percent target over the projection horizon, with some fluctuations in 2020 from volatility in energy prices.",neutral,forward looking,uncertain
weaker demand and higher borrowing costs are weighing on business investment.,dovish,not forward looking,certain
the bank projects no growth in the us economy through most of next year.,neutral,forward looking,uncertain
"the unemployment rate has risen to 6.4%, with employment continuing to grow more slowly than the labour force and job seekers taking longer to find work.",dovish,not forward looking,certain
inflation in canada is close to the 2 per cent target.,neutral,not forward looking,certain
"as a consequence, commodity prices are expected to remain at elevated levels, following recent declines.",hawkish,forward looking,uncertain
recent data show that labour market slack is being absorbed more quickly than anticipated.,hawkish,not forward looking,certain
"economic growth in the first quarter looks to be stronger than was projected in january, with a bounce in exports and solid consumption growth.",hawkish,forward looking,certain
"to this end, the bank is furthering its efforts with several important steps.",neutral,forward looking,certain
"with this revised growth profile, the output gap is significantly larger than was expected in april, and closes somewhat later.",hawkish,not forward looking,certain
this is contributing to financial stresses in some emerging market economies.,neutral,not forward looking,certain
prices are currently lower but our belief is that prices over the medium term are likely to be higher.,hawkish,forward looking,uncertain
us inflation looks to have resumed its downward path.,dovish,not forward looking,certain
"supported by central bank actions and by positive policy developments in europe, global financial conditions are more stimulative.",dovish,not forward looking,certain
"after a decline in real gdp of 5 Â½ percent in 2020, the bank projects the economy will grow by 4 percent in 2021, almost 5 percent in 2022, and around 2 Â½ percent in 202",dovish,forward looking,uncertain
european growth has also been slightly stronger than anticipated.,neutral,not forward looking,certain
the outlook for the global economy has deteriorated and uncertainty has increased since the bank released its october mpr.,dovish,not forward looking,certain
"over time, as the normalization of these conditions unfolds, a gradual normalization of policy interest rates can also be expected, consistent with achieving the 2 per cent inflation target.",dovish,forward looking,uncertain
"higher interest rates are moderating inflation in many goods that people buy on credit, and this is spreading to services.",dovish,not forward looking,certain
"gdp growth is forecast to strengthen gradually over the projection horizon, supported by lower interest rates.",dovish,forward looking,uncertain
"as more households renew their mortgages at higher rates and restrictive monetary policy works its way through the economy more broadly, consumption is expected to moderate this year.",dovish,forward looking,uncertain
"in this respect, capital investment, firm creation, labour force participation, and hours worked are all showing promising signs.",hawkish,not forward looking,certain
"business investment is expected to strengthen as demand picks up, and exports should remain strong, supported by robust demand from the united states.",hawkish,forward looking,uncertain
"some of the slowdown in growth in late 2019 was related to special factors that include strikes, poor weather, and inventory adjustments.",dovish,not forward looking,certain
"these price increases, combined with persistent excess demand conditions in major emes, are contributing to broader global inflationary pressures.",hawkish,not forward looking,certain
"moreover, during the past year canadians have been saving a larger share of their incomes, which could signal increased consumer caution.",dovish,not forward looking,uncertain
"consistent with an economy operating with little slack, core measures of inflation have continued to edge up and are all now close to 2 per cent.",hawkish,not forward looking,certain
"employment has been growing more slowly than the working-age population and the unemployment rate has risen gradually, reaching 6.1% in march.",dovish,not forward looking,certain
"this progress reinforces governing councilâ€™s view that higher interest rates will be warranted over time, although some monetary policy accommodation will still be needed to keep inflation on targe",hawkish,forward looking,certain
"all things considered, governing council judges it appropriate to maintain the current level of the overnight rate target.",neutral,not forward looking,certain
"however, escalating geopolitical and trade conflicts risk undermining the global expansion.",dovish,not forward looking,certain
"in this context, global financial conditions have eased substantially.",hawkish,not forward looking,certain
"total cpi inflation is tracking slightly below expectations because of temporary weakness in prices for gasoline, food, and telecommunications.",dovish,not forward looking,certain
substantial job gains in february and march boosted employment.,hawkish,not forward looking,certain
"the economy is expected to return to full capacity around the end of 2016, a little later than was expected in october.",neutral,forward looking,uncertain
"in contrast, growth in emerging-market economies, particularly china, remains very strong.",hawkish,not forward looking,certain
"meanwhile, consumption spending and housing investment have been weaker than expected as housing markets adjust to municipal and provincial measures, changes to mortgage guidelines, and higher interest rates.",dovish,not forward looking,certain
"in the labour market, recent job gains have been below labour force growth and job vacancies have continued to ease.",hawkish,not forward looking,certain
"the us economy was tepid in the first quarter of 2017 but is now growing at a solid pace, underpinned by a robust labour market and stronger investment.",hawkish,not forward looking,certain
"this will open up a modest amount of excess capacity, primarily in oil-producing regions.",dovish,forward looking,certain
"following an anticipated slowdown in growth during the second quarter due to temporary supply chain disruptions and the impact of higher energy prices on consumption, the bank expects growth in canada to re-accelerate in the second half of 2011.",dovish,forward looking,uncertain
widespread concerns over sovereign debt have increased risk aversion and volatility in financial markets.,dovish,not forward looking,certain
"inflation in many countries is easing in the face of lower energy prices, normalizing global supply chains, and tighter monetary policy.",dovish,forward looking,certain
"however, there is growing evidence that restrictive monetary policy is slowing activity, especially household spending.",dovish,not forward looking,certain
weaker-than-anticipated housing and consumption also contributed to slower growth.,dovish,not forward looking,certain
this view hinges critically on the projected upturn in exports and investment.,neutral,forward looking,uncertain
the bank will use its monetary policy tools to return inflation to target and keep inflation expectations well-anchored.,hawkish,forward looking,certain
the bank of canada is raising its target for the overnight rate to 3/4 per cent.,hawkish,not forward looking,certain
"these high prices, combined with persistent excess demand in major emerging-market economies, are contributing to broader global inflationary pressures.",hawkish,not forward looking,certain
growth in other regions is evolving largely as projected in the bankâ€™s october monetary policy report (mpr,neutral,not forward looking,certain
core inflation has been lower than expected in recent months.,dovish,not forward looking,certain
"overall, global growth is expected to pick up to 3.3 per cent in 2014 and increase further to 3.7 per cent in 2015 and 2016 â€“ largely unchanged from the january monetary policy report (mpr",hawkish,forward looking,uncertain
total cpi inflation remains near the bottom of the bankâ€™s target range as the disinflationary effects of economic slack and low consumer energy prices are only partially offset by the inflationary impact of the lower canadian dollar on the prices of imported good,dovish,not forward looking,certain
the bank of canada today announced that it is maintaining its target for the overnight rate at 1/2 per cent.,neutral,forward looking,certain
"if that occurs, the economic cost of restoring price stability will be higher.",hawkish,forward looking,uncertain
the bank of canada today announced that it is lowering its target for the overnight rate by one-quarter of one percentage point to 3/4 per cent.,dovish,forward looking,certain
the bank has revised up its forecast for global gdp growth to 2Â¾% in 2024 and about 3% in 2025 and 2026,dovish,forward looking,uncertain
the canadian economy is starting to recover as it re-opens from the shutdowns needed to limit the virus spread.,dovish,forward looking,certain
"canadaâ€™s economy has rebounded, as projected in jul",dovish,not forward looking,certain
"non-resource exports are expected to strengthen, but their profile is weaker than previously projected, in part because of slower foreign demand growth and the higher canadian dollar.",dovish,forward looking,uncertain
"overall, the bank projects global gdp growth to moderate from 6Â¾ % in 2021 to about 3Â½ % in 2022 and 202",neutral,forward looking,uncertain
"the sudden halt in global activity will be followed by regional recoveries at different times, depending on the duration and severity of the outbreak in each region.",dovish,forward looking,certain
"weighing these considerations, the bank judges that the substantial monetary policy stimulus currently in place remains appropriate and therefore has decided to maintain the target for the overnight rate at 1 per cent.",dovish,forward looking,certain
"the bank expects the economy to grow at a pace roughly in line with its production potential in the near term, before picking up through 2013.",dovish,forward looking,uncertain
"cpi inflation eased to 5.2% in february, and the bankâ€™s preferred measures of core inflation were just under 5",neutral,not forward looking,certain
"in the wake of brexit, global markets have materially re-priced a number of asset classes.",dovish,not forward looking,certain
"in china and other major emerging economies, growth has slowed somewhat more than expected.",dovish,not forward looking,certain
housing markets responded to new mortgage guidelines and other policy measures by pulling forward transactions to late 2017.,neutral,not forward looking,certain
"employment data have been robust, although gains in hours worked are still soft.",neutral,not forward looking,certain
oil prices remain about 30 percent below pre-pandemic levels.,dovish,not forward looking,certain
"financial conditions have eased, largely reversing the tightening that occurred last autumn.",neutral,not forward looking,certain
"near-term inflation expectations remain high, increasing the risk that elevated inflation becomes entrenched.",hawkish,forward looking,certain
"non-resource activity is growing solidly, particularly in the services sector.",dovish,forward looking,certain
we remain committed to providing the appropriate degree of monetary policy stimulus to support the recovery and achieve the inflation objective.,dovish,forward looking,certain
cpi inflation will likely dip this year because of the dynamics of gasoline prices and some other temporary factors.,dovish,forward looking,uncertain
these factors are weighing on growth in many emerging markets and some other economies.,neutral,not forward looking,certain
"oil prices are higher than was assumed in july, and the war in israel and gaza is a new source of geopolitical uncertainty.",hawkish,not forward looking,uncertain
"the bank expects gdp growth of about 1% in 2023 and about 2% in 2024, little changed from the october outlook.",neutral,forward looking,uncertain
"moreover, with three-month rates of core inflation running around 3Â½-4% since last september, underlying price pressures appear to be more persistent than anticipated",hawkish,forward looking,uncertain
"europeâ€™s economy is growing modestly, but inflation remains too low and the nascent recovery could be undermined by risks emanating from the russia-ukraine situatio",dovish,forward looking,uncertain
"the us economy is proving stronger than expected, reinforcing market expectations of higher policy rates and pushing up the us dollar.",dovish,not forward looking,certain
"these developments, combined with recent declines in commodity prices, are expected to dampen global inflationary pressures.",dovish,forward looking,uncertain
"financial conditions remain restrictive but have eased since october, and the canadian dollar has been relatively stable against the us dollar.",dovish,not forward looking,certain
"the bank expects global growth to strengthen and average 3 1/2 per cent per year over 2015-17, in line with the projection in the january monetary policy report (mpr).",dovish,forward looking,uncertain
"because of high debt levels, household spending is likely more sensitive to interest rates than in the past.",dovish,forward looking,uncertain
the path for inflation is now expected to be lower than previously anticipated for most of the projection period.,dovish,forward looking,uncertain
"therefore, the target for the overnight rate remains at 1/2 per cent.",neutral,forward looking,certain
"in canada, demand is still exceeding supply and the labour market remains tight.",hawkish,not forward looking,certain
"reflecting all of these factors, the bank has decided to maintain the target for the overnight rate at 1 per cent.",neutral,forward looking,certain
"in financial markets, this has driven a flight to safety and a sharp repricing of a wide range of assets.",hawkish,not forward looking,certain
growth will likely be choppy as domestic demand is influenced by the evolution of the virus and its impact on consumer and business confidence.,dovish,forward looking,uncertain
"however, the bank still expects that the lower canadian dollar and a projected strengthening in global demand will lead to a pickup in canadian exports and business investment and, eventually, a more sustainable growth track.",dovish,forward looking,certain
tighter monetary policies aimed at controlling inflation are weighing on economic activity around the world.,dovish,not forward looking,certain
"the three main upside risks relate to the possibility of higher global inflationary pressures, stronger canadian exports and renewed momentum in canadian residential investment.",hawkish,forward looking,uncertain
"the prices of most commodities, including oil, have risen from very low levels.",hawkish,not forward looking,certain
the bank expects global gdp growth to increase from 3 1/4 per cent this year to about 3 1/2 per cent in 2018 and 2019.,dovish,forward looking,uncertain
the bank projects inflation will rise to 2 per cent in the second half of 2018.,hawkish,forward looking,uncertain
the bank now estimates growth of 0.3 percent in the fourth quarter of 2019 and 1.3 percent in the first quarter of 2020.,dovish,forward looking,uncertain
"overall, the global economy is projected to grow by 2.8 per cent in 2013 and accelerate to 3.4 per cent in 2014 and 3.6 per cent in 2015.",hawkish,forward looking,uncertain
inflation in canada remains low.,dovish,not forward looking,certain
the labour market remains softâ€”the unemployment rate was at 6.5% in septembe,dovish,not forward looking,certain
"in canada, the quarterly pattern of growth has been uneven.",neutral,not forward looking,certain
business investment is projected to recover gradually after considerable weakness in the second half of last year.,dovish,forward looking,uncertain
"while inflation is still above central bank targets in most advanced economies, it is forecast to ease gradually.",hawkish,forward looking,uncertain
higher global oil prices are helping to stabilize canadaâ€™s energy sector and household spending is expected to increase moderatel,hawkish,forward looking,uncertain
"global growth faltered in early 2015, principally in the united states and china.",dovish,not forward looking,certain
the outlook has improved for both the global and canadian economies.,hawkish,not forward looking,certain
"overall, commodity prices are close to their january levels.",neutral,not forward looking,certain
"consumer spending has been choppy, but will be supported by solid income growth.",dovish,forward looking,certain
"the u.s. economy is softer than expected but as fiscal headwinds dissipate and household deleveraging ends, growth should accelerate through 2014 and 2015.",dovish,forward looking,uncertain
"the recovery in the united states has been particularly strong, owing to fiscal stimulus and rapid vaccine rollouts.",hawkish,not forward looking,certain
shelter costs remain the biggest contributor to above-target inflation.,irrelevant,not forward looking,certain
the bank estimates that the canadian economy grew by 2.4 per cent in 2011 and projects that it will grow by 2.0 per cent in 2012 and 2.8 per cent in 2013.,hawkish,forward looking,uncertain
exports have been boosted by the opening of the trans mountain expansion pipeline.,hawkish,not forward looking,certain
"as higher interest rates continue to work their way through the economy, the bank expects economic growth to slow, averaging around 1% through the second half of this year and the first half of next year.",dovish,forward looking,uncertain
the global economy has unfolded broadly as the bank projected in its july mpr.,neutral,not forward looking,certain
a growing number of countries have responded with monetary and other policy measures to support their economies.,dovish,not forward looking,certain
the bank will continue to monitor these adjustments.,neutral,forward looking,certain
"overall, the bank expects inflation to track close to the 2 percent target over the projection horizon.",hawkish,forward looking,uncertain
the recession in europe is now expected to be deeper and longer than previously anticipated.,dovish,forward looking,uncertain
"overall, the economy continues to be in excess supply.",hawkish,not forward looking,certain
"the effects of recent policy rate increases by the bank are becoming evident in interest-sensitive areas of the economy: housing activity has retreated sharply, and spending by households and businesses is softening.",dovish,not forward looking,certain
"against a background of ongoing geopolitical uncertainties and lower confidence, energy prices have declined and there has been a significant correction in global financial markets, resulting in lower government bond yields.",dovish,not forward looking,certain
"the three main upside risks to inflation in canada relate to the possibility of stronger-than-expected inflationary pressures in the global economy, stronger-than-expected growth in the u.s. economy and stronger momentum in canadian household spending.",hawkish,forward looking,certain
"at the national level, the housing market is stabilizing, although there are still significant adjustments underway in some regions.",hawkish,forward looking,uncertain
"in particular, the bank is monitoring the economyâ€™s adjustment to higher interest rates and the evolution of capacity and wage pressures, as well as the response of companies and consumers to trade action",dovish,not forward looking,certain
"ongoing uncertainty related to trade conflicts has undermined business sentiment and activity, contributing to a synchronous slowdown across many countries.",dovish,not forward looking,certain
financial conditions in major economies remain very accommodative and continue to provide much-needed support to economic activity.,dovish,not forward looking,certain
the bank projects global gdp will grow by 6Â½ percent in 2021 â€“ a strong pace but less than projected in the july monetary policy report (mpr) â€“ and by 4Â¼ percent in 2022 and about 3Â½ percent i,neutral,forward looking,uncertain
"however, the labour market remains on the tight side and wage pressures persist.",dovish,not forward looking,certain
commodity prices have fallen amid concerns about global demand.,dovish,not forward looking,certain
"in the bankâ€™s projection, this happens sometime in the middle quarters of 202",irrelevant,forward looking,uncertain
"in the united states, the rebound in real gdp during the second half of 2011 was stronger than anticipated.",hawkish,not forward looking,certain
chinaâ€™s abrupt lifting of covid-19 restrictions has prompted an upward revision to the growth forecast for china and poses an upside risk to commodity price,dovish,forward looking,certain
growth in advanced economies is projected to be stronger than in the bankâ€™s october monetary policy report (mpr,hawkish,forward looking,uncertain
the very weak first quarter has led to a widening of canadaâ€™s output gap and additional downward pressure on projected inflatio,dovish,not forward looking,certain
"in the last three months, cpi inflation has declined from 8.1% to 6.9%, primarily due to a fall in gasoline prices.",dovish,not forward looking,certain
"the bank expects inflation to remain close to 3% during the first half of this year before gradually easing, returning to the 2% target in 2025.",hawkish,forward looking,uncertain
"cpi inflation is now at the 2 per cent target, largely because of the transitory effects of higher oil prices and carbon pricing measures in two provinces, as well as other temporary factors.",neutral,not forward looking,certain
"governing council is particularly watching the evolution of core inflation, and continues to focus on the balance between demand and supply in the economy, inflation expectations, wage growth, and corporate pricing behaviour.",neutral,forward looking,certain
the bank expects that a better balance between domestic and foreign demand will be achieved over time and that growth will become more self-sustaining.,hawkish,forward looking,uncertain
inflation has evolved in line with the outlook in the bankâ€™s july monetary policy report (mpr,neutral,not forward looking,certain
"the complex adjustment figures importantly in the bankâ€™s annual review of the economyâ€™s potential, which has resulted in a lower estimated range for potential output gro",dovish,forward looking,uncertain
growth is broadening across industries and regions and therefore becoming more sustainable.,hawkish,not forward looking,certain
"in addition, the housing market has seen some pickup.",hawkish,not forward looking,certain
"meanwhile, non-energy commodity prices, on average, have more than fully recovered.",hawkish,not forward looking,certain
"in this context, household spending continues to expand moderately.",hawkish,forward looking,certain
"however, with robust population growth of about 3%, the economyâ€™s potential output is still growing faster than gdp, which means excess supply has increase",hawkish,forward looking,certain
"meanwhile, the bank has revised down its projection of potential growth, reflecting persistently weak investment.",dovish,forward looking,certain
"overall, gdp growth is projected to be weak through the remainder of this year before strengthening gradually next year.",dovish,forward looking,uncertain
"overall, the bank projects that the economy will expand by 2.9 per cent in 2011 and 2.6 per cent in 2012.",neutral,forward looking,uncertain
"in the united states, some temporary factors weighed on economic activity in the first quarter but the drivers of growth remain solid.",dovish,forward looking,certain
"however, lower prices for oil and other commodities since the summer have further lowered canadaâ€™s terms of trade and are dampening business investment and exports in the resource secto",dovish,not forward looking,certain
"cpi inflation is close to zero, pulled down by sharp declines in components such as gasoline and travel services.",dovish,not forward looking,certain
"however, ongoing challenges associated with sovereign and bank balance sheets will limit the pace of the european recovery and are a significant source of uncertainty to the global outlook.",dovish,forward looking,uncertain
economic activity continues to strengthen and broaden across countries.,hawkish,forward looking,certain
"the global recovery has lifted commodity prices, including oil, contributing to the strength of the canadian dollar.",hawkish,not forward looking,certain
"business investment has been increasing at a solid pace, and investment intentions remain positive.",hawkish,forward looking,certain
"at present, the bankâ€™s governing council judges that the overall balance of risks is still in the zone for which the current stance of monetary policy is appropriate, and the target for the overnight rate remains at 1/2 per cen",neutral,forward looking,certain
"business fixed investment is still expected to grow solidly in response to very stimulative financial conditions and heightened competitive pressures, although it will be dampened by the weaker and more uncertain global economic environment.",hawkish,forward looking,uncertain
measures of core inflation remain close to 2 per cent as the effects of past exchange rate depreciation and excess capacity continue to offset each other.,neutral,not forward looking,certain
"commodity prices received by canadian producers remain elevated by historical standards and, overall, they are little changed since the january mpr.",hawkish,not forward looking,certain
"global commodity prices are higher, although the benefits to canada are being diluted by wider spreads between benchmark world and canadian oil prices.",neutral,not forward looking,certain
"the bank has lowered its target for the overnight rate 150 basis points over the last three weeks, to its effective lower bound.",dovish,forward looking,certain
strong global demand for goods combined with supply bottlenecks that hinder production and transportation are pushing up inflation in most regions.,hawkish,not forward looking,certain
"as long as there is significant slack in the canadian economy, the inflation outlook remains muted, and imbalances in the household sector continue to evolve constructively, the considerable monetary policy stimulus currently in place will remain appropriate.",dovish,forward looking,certain
"the bankâ€™s core measures of inflation have drifted down, although by much less than the cpi, and are now between 1.4 and 1.9 percen",dovish,not forward looking,certain
household spending is being dampened by higher interest rates and tighter mortgage lending guidelines.,dovish,not forward looking,certain
the bankâ€™s preferred measures of core inflation show little downward momentu,neutral,not forward looking,certain
"however, there is considerable uncertainty about the speed with which this sequence will evolve and how it will be affected by the drop in oil prices.",dovish,forward looking,uncertain
"in canada, economic growth likely picked up to about 1Â½% through the first half of this year",hawkish,not forward looking,certain
"despite recent improvements to the outlook for the global and canadian economies, risks remain elevated.",neutral,not forward looking,certain
"gdp growth likely stalled in the fourth quarter of 2015, pulled down by temporary softness in the u.s. economy, weaker business investment and several other temporary factors.",dovish,not forward looking,uncertain
weaker oil prices will pull down the inflation profile.,dovish,forward looking,certain
growth was temporarily boosted by a resumption of spending in the oil and gas sector and the effects of the canada child benefit on consumer spending.,hawkish,not forward looking,certain
"as a result, core inflation is expected to be slightly softer than previously expected, declining through 2012 before returning to 2 percent by the end of 2013.",dovish,forward looking,uncertain
the oil price shock is occurring against a backdrop of solid and more broadly-based growth in canada in recent quarters.,hawkish,forward looking,certain
"in response, many central banks have signalled a slower pace of monetary policy normalization.",dovish,not forward looking,certain
global oil prices are about $10 lower than assumed in the july monetary policy report (mpr).,dovish,not forward looking,certain
"while bond yields have risen in recent weeks, financial conditions remain accommodative and continue to support economic activity.",dovish,not forward looking,certain
"the bank is also projecting a pickup in household spending, supported by population and income growth, as well as by the recent federal income tax cut.",hawkish,forward looking,uncertain
"exports have been weaker than expected although, apart from cross-border shifts in automotive production, there have been positive signs in most other categories.",neutral,not forward looking,certain
the strength of the us dollar is adding to inflationary pressures in many countries.,hawkish,not forward looking,certain
"despite weakness elsewhere, the u.s. economy is gaining traction, particularly in sectors that are beneficial to canadaâ€™s export prospect",hawkish,forward looking,certain
